listId,ownerId,listName,listType,itemCount,collaboratorCount,exportCount,createdAt,updatedAt
f70f3ebf-edad-4616-bb2d-f3eeb510f7ee,user_2zXG2NyWPbk1dHbsDdRQAjNpmWb,b,campaign,30,0,0,2025-10-17,2025-10-17
5edac8db-daf8-4a98-87b3-6da18095ba88,user_2zghMvO59JLiQRcfyc0LHVtLFqw,Typeform short form,campaign,12,0,0,2025-10-13,2025-10-13
b7223a99-c773-4acd-8b8d-a960dc23e4a8,user_2zghMvO59JLiQRcfyc0LHVtLFqw,Typeform Youtube,campaign,23,0,0,2025-10-13,2025-10-13
6127f2ea-50d0-4992-aaaf-f3702fd5d1ff,user_2zghMvO59JLiQRcfyc0LHVtLFqw,appsumo,favorites,3,0,0,2025-10-10,2025-10-10
edee2633-4f44-4edf-b470-4068e52088f2,user_329niVFJUbwsUQMc3Pzqr9UlZgJ,Nutritionists,favorites,0,0,0,2025-10-03,2025-10-03
abff7af7-8984-4850-8ad7-9ad2beed30bf,user_2zghMvO59JLiQRcfyc0LHVtLFqw,Tiktok beauty,custom,6,0,0,2025-09-28,2025-09-28
c246ab21-6ef4-4e75-b25e-95ae4fa46b75,user_329niVFJUbwsUQMc3Pzqr9UlZgJ,Olivea List,custom,0,0,0,2025-09-28,2025-09-28
cbaac8fe-0ab0-46d1-840e-f28baa51fd8f,user_2zghMvO59JLiQRcfyc0LHVtLFqw,test,favorites,6,0,0,2025-09-28,2025-09-28