userId,email,fullName,businessName,currentPlan,trialStatus,subscriptionStatus,onboardingStep,signupDate,trialStartDate,trialEndDate,campaignCount,creatorCount,listCount,lastActivity
user_3443sffbhegVpNiXWu2drj0HOZ2,,Irish Valdehueza,Peersway,free,pending,none,intent_captured,2025-10-14,,,0,0,0,
user_340vOjdabY6Z6JN7ry1wdVUJGkP,,Brooke Keller,Usegemz.io,fame_flex,active,trialing,completed,2025-10-13,2025-10-13,2025-10-20,3,157,0,2025-10-13
user_33yWkyNhkD9r3IYVIuT84kk0WyM,,NR,NR,glow_up,active,trialing,completed,2025-10-12,2025-10-12,2025-10-19,2,122,0,2025-10-14
user_33sUSKfgfovlUPwdebAlmGGTKyF,,sanchay,werwer,fame_flex,pending,active,intent_captured,2025-10-10,,,0,0,0,
user_33sU9maj8mtwI2UoC5hnp9sS3mO,,Sanchay Thalnerkar,Sanchay Trial,fame_flex,active,trialing,completed,2025-10-10,2025-10-10,2025-10-17,2,399,0,2025-10-10
user_33WDChsFO7M9HopDkTMZA1cZbok,accounts+appsumotest@usegemz.io,Gemz,Gemz,free,active,none,intent_captured,2025-10-02,2025-10-02,2025-10-09,0,0,0,
user_329niVFJUbwsUQMc3Pzqr9UlZgJ,blaine@myolivea.com,Blaine Bolus,,fame_flex,converted,active,completed,2025-09-28,2025-09-28,2025-10-05,1,1567,2,2025-10-16
user_2zghMvO59JLiQRcfyc0LHVtLFqw,ramongberrios@gmail.com,gemz,gemz,fame_flex,converted,active,completed,2025-09-28,2025-09-28,2025-10-05,25,2556,5,2025-10-13
user_2zXG2NyWPbk1dHbsDdRQAjNpmWb,sanchaythalnerkar@gmail.com,Sanchay Thalnerkar,,fame_flex,converted,active,completed,2025-09-28,2025-09-28,2025-10-05,4,1523,1,2025-10-17